DeathRaceRaceDesc,DeathYearYear,DeathCountyCountyName,Deaths,DeathRate,Population,Deaths_PCT
White,2019,Adams,9,33.2,27105,34.6
White,2020 **,Adams,7,26,26968,26.9
White,2021 **,Adams,10,37.1,26968,38.5
Black,2019,Adams,0,0,241,0
Black,2020 **,Adams,0,0,272,0
Black,2021 **,Adams,0,0,272,0
American Indian or Alaskan Native,2019,Adams,0,0,182,0
American Indian or Alaskan Native,2020 **,Adams,0,0,182,0
American Indian or Alaskan Native,2021 **,Adams,0,0,182,0
Asian or Pacific Islander,2019,Adams,0,0,112,0
Asian or Pacific Islander,2020 **,Adams,0,0,109,0
Asian or Pacific Islander,2021 **,Adams,0,0,109,0
Other,2019,Adams,0,0,0,0
Other,2020 **,Adams,0,0,0,0
Other,2021 **,Adams,0,0,0,0
Unknown,2019,Adams,0,0,0,0
Unknown,2020 **,Adams,0,0,0,0
Unknown,2021 **,Adams,0,0,0,0
White,2019,Allen,8,9.3,86314,15.7
White,2020 **,Allen,14,16.3,85806,27.5
White,2021 **,Allen,19,22.1,85806,37.3
Black,2019,Allen,2,13.6,14724,3.9
Black,2020 **,Allen,6,40.7,14727,11.8
Black,2021 **,Allen,2,13.6,14727,3.9
American Indian or Alaskan Native,2019,Allen,0,0,374,0
American Indian or Alaskan Native,2020 **,Allen,0,0,386,0
American Indian or Alaskan Native,2021 **,Allen,0,0,386,0
Asian or Pacific Islander,2019,Allen,0,0,1038,0
Asian or Pacific Islander,2020 **,Allen,0,0,1061,0
Asian or Pacific Islander,2021 **,Allen,0,0,1061,0
Other,2019,Allen,0,0,0,0
Other,2020 **,Allen,0,0,0,0
Other,2021 **,Allen,0,0,0,0
Unknown,2019,Allen,0,0,0,0
Unknown,2020 **,Allen,0,0,0,0
Unknown,2021 **,Allen,0,0,0,0
White,2019,Ashland,5,9.6,52072,15.6
White,2020 **,Ashland,16,30.8,51975,50
White,2021 **,Ashland,10,19.2,51975,31.3
Black,2019,Ashland,0,0,699,0
Black,2020 **,Ashland,1,136.8,731,3.1
Black,2021 **,Ashland,0,0,731,0
American Indian or Alaskan Native,2019,Ashland,0,0,164,0
American Indian or Alaskan Native,2020 **,Ashland,0,0,171,0
American Indian or Alaskan Native,2021 **,Ashland,0,0,171,0
Asian or Pacific Islander,2019,Ashland,0,0,483,0
Asian or Pacific Islander,2020 **,Ashland,0,0,485,0
Asian or Pacific Islander,2021 **,Ashland,0,0,485,0
Other,2019,Ashland,0,0,0,0
Other,2020 **,Ashland,0,0,0,0
Other,2021 **,Ashland,0,0,0,0
Unknown,2019,Ashland,0,0,0,0
Unknown,2020 **,Ashland,0,0,0,0
Unknown,2021 **,Ashland,0,0,0,0
White,2019,Ashtabula,23,25.2,91415,25.3
White,2020 **,Ashtabula,37,40.7,90918,40.7
White,2021 **,Ashtabula,28,30.8,90918,30.8
Black,2019,Ashtabula,2,43.2,4628,2.2
Black,2020 **,Ashtabula,0,0,4519,0
Black,2021 **,Ashtabula,1,22.1,4519,1.1
American Indian or Alaskan Native,2019,Ashtabula,0,0,384,0
American Indian or Alaskan Native,2020 **,Ashtabula,0,0,388,0
American Indian or Alaskan Native,2021 **,Ashtabula,0,0,388,0
Asian or Pacific Islander,2019,Ashtabula,0,0,661,0
Asian or Pacific Islander,2020 **,Ashtabula,0,0,688,0
Asian or Pacific Islander,2021 **,Ashtabula,0,0,688,0
Other,2019,Ashtabula,0,0,0,0
Other,2020 **,Ashtabula,0,0,0,0
Other,2021 **,Ashtabula,0,0,0,0
Unknown,2019,Ashtabula,0,0,0,0
Unknown,2020 **,Ashtabula,0,0,0,0
Unknown,2021 **,Ashtabula,0,0,0,0
White,2019,Athens,5,8.2,60710,16.1
White,2020 **,Athens,10,16.5,60653,32.3
White,2021 **,Athens,15,24.7,60653,48.4
Black,2019,Athens,0,0,2333,0
Black,2020 **,Athens,0,0,2383,0
Black,2021 **,Athens,0,0,2383,0
American Indian or Alaskan Native,2019,Athens,0,0,347,0
American Indian or Alaskan Native,2020 **,Athens,0,0,345,0
American Indian or Alaskan Native,2021 **,Athens,1,289.9,345,3.2
Asian or Pacific Islander,2019,Athens,0,0,2192,0
Asian or Pacific Islander,2020 **,Athens,0,0,2100,0
Asian or Pacific Islander,2021 **,Athens,0,0,2100,0
Other,2019,Athens,0,0,0,0
Other,2020 **,Athens,0,0,0,0
Other,2021 **,Athens,0,0,0,0
Unknown,2019,Athens,0,0,0,0
Unknown,2020 **,Athens,0,0,0,0
Unknown,2021 **,Athens,0,0,0,0
White,2019,Auglaize,4,9,44666,28.6
White,2020 **,Auglaize,3,6.7,44710,21.4
White,2021 **,Auglaize,7,15.7,44710,50
Black,2019,Auglaize,0,0,487,0
Black,2020 **,Auglaize,0,0,521,0
Black,2021 **,Auglaize,0,0,521,0
American Indian or Alaskan Native,2019,Auglaize,0,0,114,0
American Indian or Alaskan Native,2020 **,Auglaize,0,0,114,0
American Indian or Alaskan Native,2021 **,Auglaize,0,0,114,0
Asian or Pacific Islander,2019,Auglaize,0,0,343,0
Asian or Pacific Islander,2020 **,Auglaize,0,0,335,0
Asian or Pacific Islander,2021 **,Auglaize,0,0,335,0
Other,2019,Auglaize,0,0,0,0
Other,2020 **,Auglaize,0,0,0,0
Other,2021 **,Auglaize,0,0,0,0
Unknown,2019,Auglaize,0,0,0,0
Unknown,2020 **,Auglaize,0,0,0,0
Unknown,2021 **,Auglaize,0,0,0,0
White,2019,Belmont,9,14.3,63112,25
White,2020 **,Belmont,14,22.5,62188,38.9
White,2021 **,Belmont,9,14.5,62188,25
Black,2019,Belmont,0,0,3319,0
Black,2020 **,Belmont,2,62.8,3183,5.6
Black,2021 **,Belmont,1,31.4,3183,2.8
American Indian or Alaskan Native,2019,Belmont,0,0,123,0
American Indian or Alaskan Native,2020 **,Belmont,0,0,130,0
American Indian or Alaskan Native,2021 **,Belmont,0,0,130,0
Asian or Pacific Islander,2019,Belmont,0,0,425,0
Asian or Pacific Islander,2020 **,Belmont,1,232,431,2.8
Asian or Pacific Islander,2021 **,Belmont,0,0,431,0
Other,2019,Belmont,0,0,0,0
Other,2020 **,Belmont,0,0,0,0
Other,2021 **,Belmont,0,0,0,0
Unknown,2019,Belmont,0,0,0,0
Unknown,2020 **,Belmont,0,0,0,0
Unknown,2021 **,Belmont,0,0,0,0
White,2019,Brown,13,30.5,42577,26
White,2020 **,Brown,15,35.3,42476,30
White,2021 **,Brown,22,51.8,42476,44
Black,2019,Brown,0,0,578,0
Black,2020 **,Brown,0,0,582,0
Black,2021 **,Brown,0,0,582,0
American Indian or Alaskan Native,2019,Brown,0,0,135,0
American Indian or Alaskan Native,2020 **,Brown,0,0,151,0
American Indian or Alaskan Native,2021 **,Brown,0,0,151,0
Asian or Pacific Islander,2019,Brown,0,0,183,0
Asian or Pacific Islander,2020 **,Brown,0,0,205,0
Asian or Pacific Islander,2021 **,Brown,0,0,205,0
Other,2019,Brown,0,0,0,0
Other,2020 **,Brown,0,0,0,0
Other,2021 **,Brown,0,0,0,0
Unknown,2019,Brown,0,0,0,0
Unknown,2020 **,Brown,0,0,0,0
Unknown,2021 **,Brown,0,0,0,0
White,2019,Butler,123,37.7,326487,25.7
White,2020 **,Butler,160,49,326336,33.5
White,2021 **,Butler,154,47.2,326336,32.2
Black,2019,Butler,10,25.7,38909,2.1
Black,2020 **,Butler,13,32.2,40312,2.7
Black,2021 **,Butler,15,37.2,40312,3.1
American Indian or Alaskan Native,2019,Butler,0,0,1430,0
American Indian or Alaskan Native,2020 **,Butler,0,0,1501,0
American Indian or Alaskan Native,2021 **,Butler,0,0,1501,0
Asian or Pacific Islander,2019,Butler,0,0,16777,0
Asian or Pacific Islander,2020 **,Butler,1,5.7,17499,0.2
Asian or Pacific Islander,2021 **,Butler,0,0,17499,0
Other,2019,Butler,0,0,0,0
Other,2020 **,Butler,0,0,0,0
Other,2021 **,Butler,0,0,0,0
Unknown,2019,Butler,0,0,0,0
Unknown,2020 **,Butler,0,0,0,0
Unknown,2021 **,Butler,2,0,0,0.4
White,2019,Carroll,4,15.1,26462,44.4
White,2020 **,Carroll,5,19,26366,55.6
White,2021 **,Carroll,0,0,26366,0
Black,2019,Carroll,0,0,310,0
Black,2020 **,Carroll,0,0,332,0
Black,2021 **,Carroll,0,0,332,0
American Indian or Alaskan Native,2019,Carroll,0,0,91,0
American Indian or Alaskan Native,2020 **,Carroll,0,0,93,0
American Indian or Alaskan Native,2021 **,Carroll,0,0,93,0
Asian or Pacific Islander,2019,Carroll,0,0,121,0
Asian or Pacific Islander,2020 **,Carroll,0,0,106,0
Asian or Pacific Islander,2021 **,Carroll,0,0,106,0
Other,2019,Carroll,0,0,0,0
Other,2020 **,Carroll,0,0,0,0
Other,2021 **,Carroll,0,0,0,0
Unknown,2019,Carroll,0,0,0,0
Unknown,2020 **,Carroll,0,0,0,0
Unknown,2021 **,Carroll,0,0,0,0
White,2019,Champaign,5,13.4,37268,15.6
White,2020 **,Champaign,10,26.8,37248,31.3
White,2021 **,Champaign,10,26.8,37248,31.3
Black,2019,Champaign,2,164.3,1217,6.3
Black,2020 **,Champaign,3,237.3,1264,9.4
Black,2021 **,Champaign,1,79.1,1264,3.1
American Indian or Alaskan Native,2019,Champaign,0,0,190,0
American Indian or Alaskan Native,2020 **,Champaign,0,0,205,0
American Indian or Alaskan Native,2021 **,Champaign,0,0,205,0
Asian or Pacific Islander,2019,Champaign,0,0,255,0
Asian or Pacific Islander,2020 **,Champaign,0,0,243,0
Asian or Pacific Islander,2021 **,Champaign,0,0,243,0
Other,2019,Champaign,0,0,0,0
Other,2020 **,Champaign,0,0,0,0
Other,2021 **,Champaign,0,0,0,0
Unknown,2019,Champaign,0,0,0,0
Unknown,2020 **,Champaign,1,0,0,3.1
Unknown,2021 **,Champaign,0,0,0,0
White,2019,Clark,45,38,118310,26.8
White,2020 **,Clark,43,36.6,117556,25.6
White,2021 **,Clark,60,51,117556,35.7
Black,2019,Clark,2,14.2,14066,1.2
Black,2020 **,Clark,7,49.6,14105,4.2
Black,2021 **,Clark,10,70.9,14105,6
American Indian or Alaskan Native,2019,Clark,0,0,619,0
American Indian or Alaskan Native,2020 **,Clark,0,0,623,0
American Indian or Alaskan Native,2021 **,Clark,0,0,623,0
Asian or Pacific Islander,2019,Clark,0,0,1320,0
Asian or Pacific Islander,2020 **,Clark,0,0,1309,0
Asian or Pacific Islander,2021 **,Clark,0,0,1309,0
Other,2019,Clark,0,0,0,0
Other,2020 **,Clark,0,0,0,0
Other,2021 **,Clark,0,0,0,0
Unknown,2019,Clark,1,0,0,0.6
Unknown,2020 **,Clark,0,0,0,0
Unknown,2021 **,Clark,0,0,0,0
White,2019,Clermont,50,25.2,198283,26.9
White,2020 **,Clermont,61,30.7,198623,32.8
White,2021 **,Clermont,70,35.2,198623,37.6
Black,2019,Clermont,2,44.8,4468,1.1
Black,2020 **,Clermont,1,21.2,4725,0.5
Black,2021 **,Clermont,0,0,4725,0
American Indian or Alaskan Native,2019,Clermont,0,0,603,0
American Indian or Alaskan Native,2020 **,Clermont,0,0,617,0
American Indian or Alaskan Native,2021 **,Clermont,0,0,617,0
Asian or Pacific Islander,2019,Clermont,0,0,3497,0
Asian or Pacific Islander,2020 **,Clermont,0,0,3484,0
Asian or Pacific Islander,2021 **,Clermont,0,0,3484,0
Other,2019,Clermont,0,0,0,0
Other,2020 **,Clermont,0,0,0,0
Other,2021 **,Clermont,0,0,0,0
Unknown,2019,Clermont,2,0,0,1.1
Unknown,2020 **,Clermont,0,0,0,0
Unknown,2021 **,Clermont,0,0,0,0
White,2019,Clinton,12,29.9,40157,25.5
White,2020 **,Clinton,15,37.4,40061,31.9
White,2021 **,Clinton,16,39.9,40061,34
Black,2019,Clinton,0,0,1367,0
Black,2020 **,Clinton,2,145,1379,4.3
Black,2021 **,Clinton,2,145,1379,4.3
American Indian or Alaskan Native,2019,Clinton,0,0,178,0
American Indian or Alaskan Native,2020 **,Clinton,0,0,188,0
American Indian or Alaskan Native,2021 **,Clinton,0,0,188,0
Asian or Pacific Islander,2019,Clinton,0,0,300,0
Asian or Pacific Islander,2020 **,Clinton,0,0,293,0
Asian or Pacific Islander,2021 **,Clinton,0,0,293,0
Other,2019,Clinton,0,0,0,0
Other,2020 **,Clinton,0,0,0,0
Other,2021 **,Clinton,0,0,0,0
Unknown,2019,Clinton,0,0,0,0
Unknown,2020 **,Clinton,0,0,0,0
Unknown,2021 **,Clinton,0,0,0,0
White,2019,Columbiana,6,6.1,97810,15.4
White,2020 **,Columbiana,17,17.5,97077,43.6
White,2021 **,Columbiana,16,16.5,97077,41
Black,2019,Columbiana,0,0,3224,0
Black,2020 **,Columbiana,0,0,3278,0
Black,2021 **,Columbiana,0,0,3278,0
American Indian or Alaskan Native,2019,Columbiana,0,0,279,0
American Indian or Alaskan Native,2020 **,Columbiana,0,0,291,0
American Indian or Alaskan Native,2021 **,Columbiana,0,0,291,0
Asian or Pacific Islander,2019,Columbiana,0,0,481,0
Asian or Pacific Islander,2020 **,Columbiana,0,0,472,0
Asian or Pacific Islander,2021 **,Columbiana,0,0,472,0
Other,2019,Columbiana,0,0,0,0
Other,2020 **,Columbiana,0,0,0,0
Other,2021 **,Columbiana,0,0,0,0
Unknown,2019,Columbiana,0,0,0,0
Unknown,2020 **,Columbiana,0,0,0,0
Unknown,2021 **,Columbiana,0,0,0,0
White,2019,Coshocton,3,8.4,35560,12.5
White,2020 **,Coshocton,11,31.1,35424,45.8
White,2021 **,Coshocton,9,25.4,35424,37.5
Black,2019,Coshocton,0,0,710,0
Black,2020 **,Coshocton,1,137.2,729,4.2
Black,2021 **,Coshocton,0,0,729,0
American Indian or Alaskan Native,2019,Coshocton,0,0,117,0
American Indian or Alaskan Native,2020 **,Coshocton,0,0,127,0
American Indian or Alaskan Native,2021 **,Coshocton,0,0,127,0
Asian or Pacific Islander,2019,Coshocton,0,0,162,0
Asian or Pacific Islander,2020 **,Coshocton,0,0,169,0
Asian or Pacific Islander,2021 **,Coshocton,0,0,169,0
Other,2019,Coshocton,0,0,0,0
Other,2020 **,Coshocton,0,0,0,0
Other,2021 **,Coshocton,0,0,0,0
Unknown,2019,Coshocton,0,0,0,0
Unknown,2020 **,Coshocton,0,0,0,0
Unknown,2021 **,Coshocton,0,0,0,0
White,2019,Crawford,10,24.8,40265,34.5
White,2020 **,Crawford,11,27.4,40194,37.9
White,2021 **,Crawford,7,17.4,40194,24.1
Black,2019,Crawford,0,0,693,0
Black,2020 **,Crawford,0,0,684,0
Black,2021 **,Crawford,1,146.2,684,3.4
American Indian or Alaskan Native,2019,Crawford,0,0,113,0
American Indian or Alaskan Native,2020 **,Crawford,0,0,124,0
American Indian or Alaskan Native,2021 **,Crawford,0,0,124,0
Asian or Pacific Islander,2019,Crawford,0,0,325,0
Asian or Pacific Islander,2020 **,Crawford,0,0,336,0
Asian or Pacific Islander,2021 **,Crawford,0,0,336,0
Other,2019,Crawford,0,0,0,0
Other,2020 **,Crawford,0,0,0,0
Other,2021 **,Crawford,0,0,0,0
Unknown,2019,Crawford,0,0,0,0
Unknown,2020 **,Crawford,0,0,0,0
Unknown,2021 **,Crawford,0,0,0,0
White,2019,Cuyahoga,278,35,794788,22
White,2020 **,Cuyahoga,290,36.8,788882,22.9
White,2021 **,Cuyahoga,319,40.4,788882,25.2
Black,2019,Cuyahoga,118,30.2,390505,9.3
Black,2020 **,Cuyahoga,109,28.1,388523,8.6
Black,2021 **,Cuyahoga,138,35.5,388523,10.9
American Indian or Alaskan Native,2019,Cuyahoga,0,0,4596,0
American Indian or Alaskan Native,2020 **,Cuyahoga,0,0,4648,0
American Indian or Alaskan Native,2021 **,Cuyahoga,0,0,4648,0
Asian or Pacific Islander,2019,Cuyahoga,0,0,45685,0
Asian or Pacific Islander,2020 **,Cuyahoga,3,6.5,45830,0.2
Asian or Pacific Islander,2021 **,Cuyahoga,3,6.5,45830,0.2
Other,2019,Cuyahoga,0,0,0,0
Other,2020 **,Cuyahoga,0,0,0,0
Other,2021 **,Cuyahoga,0,0,0,0
Unknown,2019,Cuyahoga,2,0,0,0.2
Unknown,2020 **,Cuyahoga,3,0,0,0.2
Unknown,2021 **,Cuyahoga,3,0,0,0.2
White,2019,Darke,10,19.9,50128,25.6
White,2020 **,Darke,17,33.9,50095,43.6
White,2021 **,Darke,12,24,50095,30.8
Black,2019,Darke,0,0,620,0
Black,2020 **,Darke,0,0,666,0
Black,2021 **,Darke,0,0,666,0
American Indian or Alaskan Native,2019,Darke,0,0,137,0
American Indian or Alaskan Native,2020 **,Darke,0,0,142,0
American Indian or Alaskan Native,2021 **,Darke,0,0,142,0
Asian or Pacific Islander,2019,Darke,0,0,296,0
Asian or Pacific Islander,2020 **,Darke,0,0,302,0
Asian or Pacific Islander,2021 **,Darke,0,0,302,0
Other,2019,Darke,0,0,0,0
Other,2020 **,Darke,0,0,0,0
Other,2021 **,Darke,0,0,0,0
Unknown,2019,Darke,0,0,0,0
Unknown,2020 **,Darke,0,0,0,0
Unknown,2021 **,Darke,0,0,0,0
White,2019,Defiance,4,11,36505,20
White,2020 **,Defiance,9,24.8,36264,45
White,2021 **,Defiance,6,16.5,36264,30
Black,2019,Defiance,0,0,1066,0
Black,2020 **,Defiance,0,0,1093,0
Black,2021 **,Defiance,0,0,1093,0
American Indian or Alaskan Native,2019,Defiance,0,0,192,0
American Indian or Alaskan Native,2020 **,Defiance,0,0,200,0
American Indian or Alaskan Native,2021 **,Defiance,0,0,200,0
Asian or Pacific Islander,2019,Defiance,0,0,215,0
Asian or Pacific Islander,2020 **,Defiance,0,0,221,0
Asian or Pacific Islander,2021 **,Defiance,0,0,221,0
Other,2019,Defiance,0,0,0,0
Other,2020 **,Defiance,0,0,0,0
Other,2021 **,Defiance,0,0,0,0
Unknown,2019,Defiance,0,0,0,0
Unknown,2020 **,Defiance,0,0,0,0
Unknown,2021 **,Defiance,1,0,0,5
White,2019,Delaware,20,11,182491,25.6
White,2020 **,Delaware,24,13,184482,30.8
White,2021 **,Delaware,27,14.6,184482,34.6
Black,2019,Delaware,0,0,9456,0
Black,2020 **,Delaware,2,20,10020,2.6
Black,2021 **,Delaware,2,20,10020,2.6
American Indian or Alaskan Native,2019,Delaware,0,0,548,0
American Indian or Alaskan Native,2020 **,Delaware,0,0,587,0
American Indian or Alaskan Native,2021 **,Delaware,1,170.4,587,1.3
Asian or Pacific Islander,2019,Delaware,1,5.8,17273,1.3
Asian or Pacific Islander,2020 **,Delaware,0,0,18465,0
Asian or Pacific Islander,2021 **,Delaware,0,0,18465,0
Other,2019,Delaware,0,0,0,0
Other,2020 **,Delaware,0,0,0,0
Other,2021 **,Delaware,0,0,0,0
Unknown,2019,Delaware,0,0,0,0
Unknown,2020 **,Delaware,0,0,0,0
Unknown,2021 **,Delaware,1,0,0,1.3
White,2019,Erie,10,15.4,65106,18.9
White,2020 **,Erie,22,34,64619,41.5
White,2021 **,Erie,18,27.9,64619,34
Black,2019,Erie,1,12.4,8060,1.9
Black,2020 **,Erie,2,24.8,8059,3.8
Black,2021 **,Erie,0,0,8059,0
American Indian or Alaskan Native,2019,Erie,0,0,337,0
American Indian or Alaskan Native,2020 **,Erie,0,0,343,0
American Indian or Alaskan Native,2021 **,Erie,0,0,343,0
Asian or Pacific Islander,2019,Erie,0,0,676,0
Asian or Pacific Islander,2020 **,Erie,0,0,698,0
Asian or Pacific Islander,2021 **,Erie,0,0,698,0
Other,2019,Erie,0,0,0,0
Other,2020 **,Erie,0,0,0,0
Other,2021 **,Erie,0,0,0,0
Unknown,2019,Erie,0,0,0,0
Unknown,2020 **,Erie,0,0,0,0
Unknown,2021 **,Erie,0,0,0,0
White,2019,Fairfield,17,12.3,138624,14.7
White,2020 **,Fairfield,40,28.7,139172,34.5
White,2021 **,Fairfield,52,37.4,139172,44.8
Black,2019,Fairfield,5,33.4,14966,4.3
Black,2020 **,Fairfield,0,0,15985,0
Black,2021 **,Fairfield,0,0,15985,0
American Indian or Alaskan Native,2019,Fairfield,0,0,545,0
American Indian or Alaskan Native,2020 **,Fairfield,0,0,557,0
American Indian or Alaskan Native,2021 **,Fairfield,0,0,557,0
Asian or Pacific Islander,2019,Fairfield,0,0,3568,0
Asian or Pacific Islander,2020 **,Fairfield,0,0,3995,0
Asian or Pacific Islander,2021 **,Fairfield,0,0,3995,0
Other,2019,Fairfield,0,0,0,0
Other,2020 **,Fairfield,0,0,0,0
Other,2021 **,Fairfield,0,0,0,0
Unknown,2019,Fairfield,0,0,0,0
Unknown,2020 **,Fairfield,2,0,0,1.7
Unknown,2021 **,Fairfield,0,0,0,0
White,2019,Fayette,10,36.9,27081,31.3
White,2020 **,Fayette,11,40.6,27086,34.4
White,2021 **,Fayette,10,36.9,27086,31.3
Black,2019,Fayette,0,0,984,0
Black,2020 **,Fayette,0,0,1042,0
Black,2021 **,Fayette,0,0,1042,0
American Indian or Alaskan Native,2019,Fayette,0,0,101,0
American Indian or Alaskan Native,2020 **,Fayette,0,0,100,0
American Indian or Alaskan Native,2021 **,Fayette,0,0,100,0
Asian or Pacific Islander,2019,Fayette,0,0,320,0
Asian or Pacific Islander,2020 **,Fayette,0,0,351,0
Asian or Pacific Islander,2021 **,Fayette,0,0,351,0
Other,2019,Fayette,0,0,0,0
Other,2020 **,Fayette,0,0,0,0
Other,2021 **,Fayette,0,0,0,0
Unknown,2019,Fayette,0,0,0,0
Unknown,2020 **,Fayette,1,0,0,3.1
Unknown,2021 **,Fayette,0,0,0,0
White,2019,Franklin,316,35.3,896062,16.2
White,2020 **,Franklin,494,55.1,896381,25.4
White,2021 **,Franklin,473,52.8,896381,24.3
Black,2019,Franklin,154,46.1,334265,7.9
Black,2020 **,Franklin,227,67.1,338503,11.7
Black,2021 **,Franklin,235,69.4,338503,12.1
American Indian or Alaskan Native,2019,Franklin,0,0,5915,0
American Indian or Alaskan Native,2020 **,Franklin,3,50.6,5927,0.2
American Indian or Alaskan Native,2021 **,Franklin,0,0,5927,0
Asian or Pacific Islander,2019,Franklin,3,3.6,82524,0.2
Asian or Pacific Islander,2020 **,Franklin,9,10.7,83813,0.5
Asian or Pacific Islander,2021 **,Franklin,7,8.4,83813,0.4
Other,2019,Franklin,0,0,0,0
Other,2020 **,Franklin,0,0,0,0
Other,2021 **,Franklin,0,0,0,0
Unknown,2019,Franklin,4,0,0,0.2
Unknown,2020 **,Franklin,13,0,0,0.7
Unknown,2021 **,Franklin,10,0,0,0.5
White,2019,Fulton,2,4.9,41147,9.5
White,2020 **,Fulton,10,24.5,40855,47.6
White,2021 **,Fulton,8,19.6,40855,38.1
Black,2019,Fulton,0,0,587,0
Black,2020 **,Fulton,1,172.4,580,4.8
Black,2021 **,Fulton,0,0,580,0
American Indian or Alaskan Native,2019,Fulton,0,0,178,0
American Indian or Alaskan Native,2020 **,Fulton,0,0,184,0
American Indian or Alaskan Native,2021 **,Fulton,0,0,184,0
Asian or Pacific Islander,2019,Fulton,0,0,263,0
Asian or Pacific Islander,2020 **,Fulton,0,0,270,0
Asian or Pacific Islander,2021 **,Fulton,0,0,270,0
Other,2019,Fulton,0,0,0,0
Other,2020 **,Fulton,0,0,0,0
Other,2021 **,Fulton,0,0,0,0
Unknown,2019,Fulton,0,0,0,0
Unknown,2020 **,Fulton,0,0,0,0
Unknown,2021 **,Fulton,0,0,0,0
White,2019,Gallia,17,59.7,28475,28.8
White,2020 **,Gallia,25,88.1,28376,42.4
White,2021 **,Gallia,15,52.9,28376,25.4
Black,2019,Gallia,0,0,921,0
Black,2020 **,Gallia,1,103.7,964,1.7
Black,2021 **,Gallia,1,103.7,964,1.7
American Indian or Alaskan Native,2019,Gallia,0,0,152,0
American Indian or Alaskan Native,2020 **,Gallia,0,0,149,0
American Indian or Alaskan Native,2021 **,Gallia,0,0,149,0
Asian or Pacific Islander,2019,Gallia,0,0,302,0
Asian or Pacific Islander,2020 **,Gallia,0,0,313,0
Asian or Pacific Islander,2021 **,Gallia,0,0,313,0
Other,2019,Gallia,0,0,0,0
Other,2020 **,Gallia,0,0,0,0
Other,2021 **,Gallia,0,0,0,0
Unknown,2019,Gallia,0,0,0,0
Unknown,2020 **,Gallia,0,0,0,0
Unknown,2021 **,Gallia,0,0,0,0
White,2019,Geauga,16,17.6,91155,41
White,2020 **,Geauga,10,11,90892,25.6
White,2021 **,Geauga,10,11,90892,25.6
Black,2019,Geauga,1,70.8,1412,2.6
Black,2020 **,Geauga,0,0,1438,0
Black,2021 **,Geauga,1,69.5,1438,2.6
American Indian or Alaskan Native,2019,Geauga,0,0,131,0
American Indian or Alaskan Native,2020 **,Geauga,0,0,146,0
American Indian or Alaskan Native,2021 **,Geauga,0,0,146,0
Asian or Pacific Islander,2019,Geauga,0,0,796,0
Asian or Pacific Islander,2020 **,Geauga,0,0,795,0
Asian or Pacific Islander,2021 **,Geauga,0,0,795,0
Other,2019,Geauga,0,0,0,0
Other,2020 **,Geauga,0,0,0,0
Other,2021 **,Geauga,0,0,0,0
Unknown,2019,Geauga,0,0,0,0
Unknown,2020 **,Geauga,0,0,0,0
Unknown,2021 **,Geauga,1,0,0,2.6
White,2019,Greene,29,19.5,148344,26.1
White,2020 **,Greene,36,24.2,148872,32.4
White,2021 **,Greene,41,27.5,148872,36.9
Black,2019,Greene,1,7.1,14178,0.9
Black,2020 **,Greene,0,0,14367,0
Black,2021 **,Greene,1,7,14367,0.9
American Indian or Alaskan Native,2019,Greene,0,0,761,0
American Indian or Alaskan Native,2020 **,Greene,1,135.5,738,0.9
American Indian or Alaskan Native,2021 **,Greene,0,0,738,0
Asian or Pacific Islander,2019,Greene,0,0,6071,0
Asian or Pacific Islander,2020 **,Greene,0,0,6145,0
Asian or Pacific Islander,2021 **,Greene,0,0,6145,0
Other,2019,Greene,0,0,0,0
Other,2020 **,Greene,0,0,0,0
Other,2021 **,Greene,0,0,0,0
Unknown,2019,Greene,0,0,0,0
Unknown,2020 **,Greene,1,0,0,0.9
Unknown,2021 **,Greene,1,0,0,0.9
White,2019,Guernsey,6,16,37536,27.3
White,2020 **,Guernsey,7,18.7,37402,31.8
White,2021 **,Guernsey,8,21.4,37402,36.4
Black,2019,Guernsey,0,0,951,0
Black,2020 **,Guernsey,1,102.2,978,4.5
Black,2021 **,Guernsey,0,0,978,0
American Indian or Alaskan Native,2019,Guernsey,0,0,170,0
American Indian or Alaskan Native,2020 **,Guernsey,0,0,186,0
American Indian or Alaskan Native,2021 **,Guernsey,0,0,186,0
Asian or Pacific Islander,2019,Guernsey,0,0,219,0
Asian or Pacific Islander,2020 **,Guernsey,0,0,213,0
Asian or Pacific Islander,2021 **,Guernsey,0,0,213,0
Other,2019,Guernsey,0,0,0,0
Other,2020 **,Guernsey,0,0,0,0
Other,2021 **,Guernsey,0,0,0,0
Unknown,2019,Guernsey,0,0,0,0
Unknown,2020 **,Guernsey,0,0,0,0
Unknown,2021 **,Guernsey,0,0,0,0
White,2019,Hamilton,243,43.3,561727,24.5
White,2020 **,Hamilton,237,42.3,560480,23.9
White,2021 **,Hamilton,252,45,560480,25.4
Black,2019,Hamilton,69,30.4,226706,6.9
Black,2020 **,Hamilton,80,35.2,227129,8.1
Black,2021 **,Hamilton,96,42.3,227129,9.7
American Indian or Alaskan Native,2019,Hamilton,0,0,2906,0
American Indian or Alaskan Native,2020 **,Hamilton,0,0,2880,0
American Indian or Alaskan Native,2021 **,Hamilton,0,0,2880,0
Asian or Pacific Islander,2019,Hamilton,2,7.3,27314,0.2
Asian or Pacific Islander,2020 **,Hamilton,2,7.3,27496,0.2
Asian or Pacific Islander,2021 **,Hamilton,3,10.9,27496,0.3
Other,2019,Hamilton,0,0,0,0
Other,2020 **,Hamilton,0,0,0,0
Other,2021 **,Hamilton,0,0,0,0
Unknown,2019,Hamilton,1,0,0,0.1
Unknown,2020 **,Hamilton,4,0,0,0.4
Unknown,2021 **,Hamilton,4,0,0,0.4
White,2019,Hancock,7,9.8,71513,15.9
White,2020 **,Hancock,19,26.7,71124,43.2
White,2021 **,Hancock,16,22.5,71124,36.4
Black,2019,Hancock,1,46.2,2165,2.3
Black,2020 **,Hancock,0,0,2216,0
Black,2021 **,Hancock,1,45.1,2216,2.3
American Indian or Alaskan Native,2019,Hancock,0,0,337,0
American Indian or Alaskan Native,2020 **,Hancock,0,0,347,0
American Indian or Alaskan Native,2021 **,Hancock,0,0,347,0
Asian or Pacific Islander,2019,Hancock,0,0,1675,0
Asian or Pacific Islander,2020 **,Hancock,0,0,1720,0
Asian or Pacific Islander,2021 **,Hancock,0,0,1720,0
Other,2019,Hancock,0,0,0,0
Other,2020 **,Hancock,0,0,0,0
Other,2021 **,Hancock,0,0,0,0
Unknown,2019,Hancock,0,0,0,0
Unknown,2020 **,Hancock,0,0,0,0
Unknown,2021 **,Hancock,0,0,0,0
White,2019,Hardin,7,23,30474,25.9
White,2020 **,Hardin,6,19.7,30517,22.2
White,2021 **,Hardin,14,45.9,30517,51.9
Black,2019,Hardin,0,0,513,0
Black,2020 **,Hardin,0,0,537,0
Black,2021 **,Hardin,0,0,537,0
American Indian or Alaskan Native,2019,Hardin,0,0,106,0
American Indian or Alaskan Native,2020 **,Hardin,0,0,123,0
American Indian or Alaskan Native,2021 **,Hardin,0,0,123,0
Asian or Pacific Islander,2019,Hardin,0,0,276,0
Asian or Pacific Islander,2020 **,Hardin,0,0,292,0
Asian or Pacific Islander,2021 **,Hardin,0,0,292,0
Other,2019,Hardin,0,0,0,0
Other,2020 **,Hardin,0,0,0,0
Other,2021 **,Hardin,0,0,0,0
Unknown,2019,Hardin,0,0,0,0
Unknown,2020 **,Hardin,0,0,0,0
Unknown,2021 **,Hardin,0,0,0,0
White,2019,Harrison,0,0,14535,0
White,2020 **,Harrison,1,6.9,14478,50
White,2021 **,Harrison,1,6.9,14478,50
Black,2019,Harrison,0,0,433,0
Black,2020 **,Harrison,0,0,439,0
Black,2021 **,Harrison,0,0,439,0
American Indian or Alaskan Native,2019,Harrison,0,0,44,0
American Indian or Alaskan Native,2020 **,Harrison,0,0,48,0
American Indian or Alaskan Native,2021 **,Harrison,0,0,48,0
Asian or Pacific Islander,2019,Harrison,0,0,41,0
Asian or Pacific Islander,2020 **,Harrison,0,0,49,0
Asian or Pacific Islander,2021 **,Harrison,0,0,49,0
Other,2019,Harrison,0,0,0,0
Other,2020 **,Harrison,0,0,0,0
Other,2021 **,Harrison,0,0,0,0
Unknown,2019,Harrison,0,0,0,0
Unknown,2020 **,Harrison,0,0,0,0
Unknown,2021 **,Harrison,0,0,0,0
White,2019,Henry,5,19,26299,33.3
White,2020 **,Henry,4,15.2,26274,26.7
White,2021 **,Henry,6,22.8,26274,40
Black,2019,Henry,0,0,319,0
Black,2020 **,Henry,0,0,312,0
Black,2021 **,Henry,0,0,312,0
American Indian or Alaskan Native,2019,Henry,0,0,163,0
American Indian or Alaskan Native,2020 **,Henry,0,0,149,0
American Indian or Alaskan Native,2021 **,Henry,0,0,149,0
Asian or Pacific Islander,2019,Henry,0,0,161,0
Asian or Pacific Islander,2020 **,Henry,0,0,169,0
Asian or Pacific Islander,2021 **,Henry,0,0,169,0
Other,2019,Henry,0,0,0,0
Other,2020 **,Henry,0,0,0,0
Other,2021 **,Henry,0,0,0,0
Unknown,2019,Henry,0,0,0,0
Unknown,2020 **,Henry,0,0,0,0
Unknown,2021 **,Henry,0,0,0,0
White,2019,Highland,12,28.8,41701,29.3
White,2020 **,Highland,11,26.3,41860,26.8
White,2021 **,Highland,17,40.6,41860,41.5
Black,2019,Highland,1,100,1000,2.4
Black,2020 **,Highland,0,0,1031,0
Black,2021 **,Highland,0,0,1031,0
American Indian or Alaskan Native,2019,Highland,0,0,193,0
American Indian or Alaskan Native,2020 **,Highland,0,0,188,0
American Indian or Alaskan Native,2021 **,Highland,0,0,188,0
Asian or Pacific Islander,2019,Highland,0,0,229,0
Asian or Pacific Islander,2020 **,Highland,0,0,225,0
Asian or Pacific Islander,2021 **,Highland,0,0,225,0
Other,2019,Highland,0,0,0,0
Other,2020 **,Highland,0,0,0,0
Other,2021 **,Highland,0,0,0,0
Unknown,2019,Highland,0,0,0,0
Unknown,2020 **,Highland,0,0,0,0
Unknown,2021 **,Highland,0,0,0,0
White,2019,Hocking,3,10.9,27632,14.3
White,2020 **,Hocking,4,14.6,27464,19
White,2021 **,Hocking,14,51,27464,66.7
Black,2019,Hocking,0,0,343,0
Black,2020 **,Hocking,0,0,345,0
Black,2021 **,Hocking,0,0,345,0
American Indian or Alaskan Native,2019,Hocking,0,0,129,0
American Indian or Alaskan Native,2020 **,Hocking,0,0,133,0
American Indian or Alaskan Native,2021 **,Hocking,0,0,133,0
Asian or Pacific Islander,2019,Hocking,0,0,136,0
Asian or Pacific Islander,2020 **,Hocking,0,0,153,0
Asian or Pacific Islander,2021 **,Hocking,0,0,153,0
Other,2019,Hocking,0,0,0,0
Other,2020 **,Hocking,0,0,0,0
Other,2021 **,Hocking,0,0,0,0
Unknown,2019,Hocking,0,0,0,0
Unknown,2020 **,Hocking,0,0,0,0
Unknown,2021 **,Hocking,0,0,0,0
White,2019,Holmes,1,2.3,43556,25
White,2020 **,Holmes,2,4.6,43524,50
White,2021 **,Holmes,1,2.3,43524,25
Black,2019,Holmes,0,0,278,0
Black,2020 **,Holmes,0,0,276,0
Black,2021 **,Holmes,0,0,276,0
American Indian or Alaskan Native,2019,Holmes,0,0,52,0
American Indian or Alaskan Native,2020 **,Holmes,0,0,50,0
American Indian or Alaskan Native,2021 **,Holmes,0,0,50,0
Asian or Pacific Islander,2019,Holmes,0,0,135,0
Asian or Pacific Islander,2020 **,Holmes,0,0,154,0
Asian or Pacific Islander,2021 **,Holmes,0,0,154,0
Other,2019,Holmes,0,0,0,0
Other,2020 **,Holmes,0,0,0,0
Other,2021 **,Holmes,0,0,0,0
Unknown,2019,Holmes,0,0,0,0
Unknown,2020 **,Holmes,0,0,0,0
Unknown,2021 **,Holmes,0,0,0,0
White,2019,Huron,24,42.5,56510,31.2
White,2020 **,Huron,28,49.8,56205,36.4
White,2021 **,Huron,23,40.9,56205,29.9
Black,2019,Huron,0,0,1258,0
Black,2020 **,Huron,1,78,1282,1.3
Black,2021 **,Huron,0,0,1282,0
American Indian or Alaskan Native,2019,Huron,0,0,230,0
American Indian or Alaskan Native,2020 **,Huron,0,0,217,0
American Indian or Alaskan Native,2021 **,Huron,0,0,217,0
Asian or Pacific Islander,2019,Huron,0,0,271,0
Asian or Pacific Islander,2020 **,Huron,0,0,275,0
Asian or Pacific Islander,2021 **,Huron,0,0,275,0
Other,2019,Huron,0,0,0,0
Other,2020 **,Huron,0,0,0,0
Other,2021 **,Huron,0,0,0,0
Unknown,2019,Huron,0,0,0,0
Unknown,2020 **,Huron,1,0,0,1.3
Unknown,2021 **,Huron,0,0,0,0
White,2019,Jackson,1,3.2,31680,5.9
White,2020 **,Jackson,10,31.5,31780,58.8
White,2021 **,Jackson,6,18.9,31780,35.3
Black,2019,Jackson,0,0,386,0
Black,2020 **,Jackson,0,0,382,0
Black,2021 **,Jackson,0,0,382,0
American Indian or Alaskan Native,2019,Jackson,0,0,175,0
American Indian or Alaskan Native,2020 **,Jackson,0,0,181,0
American Indian or Alaskan Native,2021 **,Jackson,0,0,181,0
Asian or Pacific Islander,2019,Jackson,0,0,131,0
Asian or Pacific Islander,2020 **,Jackson,0,0,150,0
Asian or Pacific Islander,2021 **,Jackson,0,0,150,0
Other,2019,Jackson,0,0,0,0
Other,2020 **,Jackson,0,0,0,0
Other,2021 **,Jackson,0,0,0,0
Unknown,2019,Jackson,0,0,0,0
Unknown,2020 **,Jackson,0,0,0,0
Unknown,2021 **,Jackson,0,0,0,0
White,2019,Jefferson,3,5,60582,13
White,2020 **,Jefferson,6,10,60007,26.1
White,2021 **,Jefferson,12,20,60007,52.2
Black,2019,Jefferson,2,46.6,4290,8.7
Black,2020 **,Jefferson,0,0,4303,0
Black,2021 **,Jefferson,0,0,4303,0
American Indian or Alaskan Native,2019,Jefferson,0,0,167,0
American Indian or Alaskan Native,2020 **,Jefferson,0,0,178,0
American Indian or Alaskan Native,2021 **,Jefferson,0,0,178,0
Asian or Pacific Islander,2019,Jefferson,0,0,455,0
Asian or Pacific Islander,2020 **,Jefferson,0,0,451,0
Asian or Pacific Islander,2021 **,Jefferson,0,0,451,0
Other,2019,Jefferson,0,0,0,0
Other,2020 **,Jefferson,0,0,0,0
Other,2021 **,Jefferson,0,0,0,0
Unknown,2019,Jefferson,0,0,0,0
Unknown,2020 **,Jefferson,0,0,0,0
Unknown,2021 **,Jefferson,0,0,0,0
White,2019,Knox,6,9.9,60603,21.4
White,2020 **,Knox,11,18.1,60804,39.3
White,2021 **,Knox,11,18.1,60804,39.3
Black,2019,Knox,0,0,965,0
Black,2020 **,Knox,0,0,947,0
Black,2021 **,Knox,0,0,947,0
American Indian or Alaskan Native,2019,Knox,0,0,196,0
American Indian or Alaskan Native,2020 **,Knox,0,0,203,0
American Indian or Alaskan Native,2021 **,Knox,0,0,203,0
Asian or Pacific Islander,2019,Knox,0,0,475,0
Asian or Pacific Islander,2020 **,Knox,0,0,469,0
Asian or Pacific Islander,2021 **,Knox,0,0,469,0
Other,2019,Knox,0,0,0,0
Other,2020 **,Knox,0,0,0,0
Other,2021 **,Knox,0,0,0,0
Unknown,2019,Knox,0,0,0,0
Unknown,2020 **,Knox,0,0,0,0
Unknown,2021 **,Knox,0,0,0,0
White,2019,Lake,60,28.2,212674,30.3
White,2020 **,Lake,71,33.5,211822,35.9
White,2021 **,Lake,59,27.9,211822,29.8
Black,2019,Lake,1,8,12444,0.5
Black,2020 **,Lake,2,15.4,12957,1
Black,2021 **,Lake,3,23.2,12957,1.5
American Indian or Alaskan Native,2019,Lake,1,168.9,592,0.5
American Indian or Alaskan Native,2020 **,Lake,0,0,615,0
American Indian or Alaskan Native,2021 **,Lake,0,0,615,0
Asian or Pacific Islander,2019,Lake,0,0,4029,0
Asian or Pacific Islander,2020 **,Lake,0,0,4175,0
Asian or Pacific Islander,2021 **,Lake,0,0,4175,0
Other,2019,Lake,0,0,0,0
Other,2020 **,Lake,0,0,0,0
Other,2021 **,Lake,0,0,0,0
Unknown,2019,Lake,0,0,0,0
Unknown,2020 **,Lake,1,0,0,0.5
Unknown,2021 **,Lake,0,0,0,0
White,2019,Lawrence,17,29.6,57396,18.5
White,2020 **,Lawrence,25,43.9,56905,27.2
White,2021 **,Lawrence,49,86.1,56905,53.3
Black,2019,Lawrence,0,0,1684,0
Black,2020 **,Lawrence,1,58.7,1703,1.1
Black,2021 **,Lawrence,0,0,1703,0
American Indian or Alaskan Native,2019,Lawrence,0,0,145,0
American Indian or Alaskan Native,2020 **,Lawrence,0,0,159,0
American Indian or Alaskan Native,2021 **,Lawrence,0,0,159,0
Asian or Pacific Islander,2019,Lawrence,0,0,331,0
Asian or Pacific Islander,2020 **,Lawrence,0,0,324,0
Asian or Pacific Islander,2021 **,Lawrence,0,0,324,0
Other,2019,Lawrence,0,0,0,0
Other,2020 **,Lawrence,0,0,0,0
Other,2021 **,Lawrence,0,0,0,0
Unknown,2019,Lawrence,0,0,0,0
Unknown,2020 **,Lawrence,0,0,0,0
Unknown,2021 **,Lawrence,0,0,0,0
White,2019,Licking,27,16.6,162814,23.5
White,2020 **,Licking,38,23.3,162777,33
White,2021 **,Licking,38,23.3,162777,33
Black,2019,Licking,2,22.3,8978,1.7
Black,2020 **,Licking,6,65.8,9114,5.2
Black,2021 **,Licking,3,32.9,9114,2.6
American Indian or Alaskan Native,2019,Licking,0,0,771,0
American Indian or Alaskan Native,2020 **,Licking,0,0,807,0
American Indian or Alaskan Native,2021 **,Licking,0,0,807,0
Asian or Pacific Islander,2019,Licking,0,0,4611,0
Asian or Pacific Islander,2020 **,Licking,0,0,5402,0
Asian or Pacific Islander,2021 **,Licking,1,18.5,5402,0.9
Other,2019,Licking,0,0,0,0
Other,2020 **,Licking,0,0,0,0
Other,2021 **,Licking,0,0,0,0
Unknown,2019,Licking,0,0,0,0
Unknown,2020 **,Licking,0,0,0,0
Unknown,2021 **,Licking,0,0,0,0
White,2019,Logan,10,22.9,43651,50
White,2020 **,Logan,8,18.5,43298,40
White,2021 **,Logan,2,4.6,43298,10
Black,2019,Logan,0,0,1358,0
Black,2020 **,Logan,0,0,1387,0
Black,2021 **,Logan,0,0,1387,0
American Indian or Alaskan Native,2019,Logan,0,0,168,0
American Indian or Alaskan Native,2020 **,Logan,0,0,176,0
American Indian or Alaskan Native,2021 **,Logan,0,0,176,0
Asian or Pacific Islander,2019,Logan,0,0,417,0
Asian or Pacific Islander,2020 **,Logan,0,0,465,0
Asian or Pacific Islander,2021 **,Logan,0,0,465,0
Other,2019,Logan,0,0,0,0
Other,2020 **,Logan,0,0,0,0
Other,2021 **,Logan,0,0,0,0
Unknown,2019,Logan,0,0,0,0
Unknown,2020 **,Logan,0,0,0,0
Unknown,2021 **,Logan,0,0,0,0
White,2019,Lorain,73,26.9,271348,22.5
White,2020 **,Lorain,108,39.6,272962,33.2
White,2021 **,Lorain,104,38.1,272962,32
Black,2019,Lorain,3,9.4,31911,0.9
Black,2020 **,Lorain,11,34.2,32139,3.4
Black,2021 **,Lorain,16,49.8,32139,4.9
American Indian or Alaskan Native,2019,Lorain,0,0,1636,0
American Indian or Alaskan Native,2020 **,Lorain,0,0,1665,0
American Indian or Alaskan Native,2021 **,Lorain,0,0,1665,0
Asian or Pacific Islander,2019,Lorain,0,0,5205,0
Asian or Pacific Islander,2020 **,Lorain,0,0,5406,0
Asian or Pacific Islander,2021 **,Lorain,0,0,5406,0
Other,2019,Lorain,0,0,0,0
Other,2020 **,Lorain,0,0,0,0
Other,2021 **,Lorain,0,0,0,0
Unknown,2019,Lorain,1,0,0,0.3
Unknown,2020 **,Lorain,2,0,0,0.6
Unknown,2021 **,Lorain,7,0,0,2.2
White,2019,Lucas,151,46.7,323272,24.8
White,2020 **,Lucas,174,54,322077,28.5
White,2021 **,Lucas,143,44.4,322077,23.4
Black,2019,Lucas,33,34.9,94542,5.4
Black,2020 **,Lucas,48,50.5,95090,7.9
Black,2021 **,Lucas,59,62,95090,9.7
American Indian or Alaskan Native,2019,Lucas,0,0,2391,0
American Indian or Alaskan Native,2020 **,Lucas,0,0,2433,0
American Indian or Alaskan Native,2021 **,Lucas,0,0,2433,0
Asian or Pacific Islander,2019,Lucas,0,0,8683,0
Asian or Pacific Islander,2020 **,Lucas,0,0,8694,0
Asian or Pacific Islander,2021 **,Lucas,1,11.5,8694,0.2
Other,2019,Lucas,0,0,0,0
Other,2020 **,Lucas,0,0,0,0
Other,2021 **,Lucas,0,0,0,0
Unknown,2019,Lucas,1,0,0,0.2
Unknown,2020 **,Lucas,0,0,0,0
Unknown,2021 **,Lucas,0,0,0,0
White,2019,Madison,12,29.4,40786,38.7
White,2020 **,Madison,6,14.8,40648,19.4
White,2021 **,Madison,11,27.1,40648,35.5
Black,2019,Madison,0,0,3178,0
Black,2020 **,Madison,0,0,3020,0
Black,2021 **,Madison,1,33.1,3020,3.2
American Indian or Alaskan Native,2019,Madison,0,0,170,0
American Indian or Alaskan Native,2020 **,Madison,0,0,167,0
American Indian or Alaskan Native,2021 **,Madison,0,0,167,0
Asian or Pacific Islander,2019,Madison,0,0,678,0
Asian or Pacific Islander,2020 **,Madison,0,0,724,0
Asian or Pacific Islander,2021 **,Madison,0,0,724,0
Other,2019,Madison,0,0,0,0
Other,2020 **,Madison,0,0,0,0
Other,2021 **,Madison,0,0,0,0
Unknown,2019,Madison,1,0,0,3.2
Unknown,2020 **,Madison,0,0,0,0
Unknown,2021 **,Madison,0,0,0,0
White,2019,Mahoning,56,30.3,184853,17.4
White,2020 **,Mahoning,85,46.3,183571,26.4
White,2021 **,Mahoning,94,51.2,183571,29.2
Black,2019,Mahoning,15,38.3,39202,4.7
Black,2020 **,Mahoning,28,71.9,38970,8.7
Black,2021 **,Mahoning,35,89.8,38970,10.9
American Indian or Alaskan Native,2019,Mahoning,0,0,912,0
American Indian or Alaskan Native,2020 **,Mahoning,0,0,965,0
American Indian or Alaskan Native,2021 **,Mahoning,0,0,965,0
Asian or Pacific Islander,2019,Mahoning,0,0,2543,0
Asian or Pacific Islander,2020 **,Mahoning,0,0,2569,0
Asian or Pacific Islander,2021 **,Mahoning,0,0,2569,0
Other,2019,Mahoning,0,0,0,0
Other,2020 **,Mahoning,0,0,0,0
Other,2021 **,Mahoning,0,0,0,0
Unknown,2019,Mahoning,2,0,0,0.6
Unknown,2020 **,Mahoning,2,0,0,0.6
Unknown,2021 **,Mahoning,5,0,0,1.6
White,2019,Marion,19,32,59434,25
White,2020 **,Marion,28,47.3,59240,36.8
White,2021 **,Marion,22,37.1,59240,28.9
Black,2019,Marion,1,20.4,4899,1.3
Black,2020 **,Marion,4,82.9,4827,5.3
Black,2021 **,Marion,2,41.4,4827,2.6
American Indian or Alaskan Native,2019,Marion,0,0,260,0
American Indian or Alaskan Native,2020 **,Marion,0,0,281,0
American Indian or Alaskan Native,2021 **,Marion,0,0,281,0
Asian or Pacific Islander,2019,Marion,0,0,464,0
Asian or Pacific Islander,2020 **,Marion,0,0,472,0
Asian or Pacific Islander,2021 **,Marion,0,0,472,0
Other,2019,Marion,0,0,0,0
Other,2020 **,Marion,0,0,0,0
Other,2021 **,Marion,0,0,0,0
Unknown,2019,Marion,0,0,0,0
Unknown,2020 **,Marion,0,0,0,0
Unknown,2021 **,Marion,0,0,0,0
White,2019,Medina,15,8.6,173544,17.6
White,2020 **,Medina,32,18.4,174113,37.6
White,2021 **,Medina,34,19.5,174113,40
Black,2019,Medina,1,29.2,3425,1.2
Black,2020 **,Medina,1,28.1,3554,1.2
Black,2021 **,Medina,2,56.3,3554,2.4
American Indian or Alaskan Native,2019,Medina,0,0,464,0
American Indian or Alaskan Native,2020 **,Medina,0,0,465,0
American Indian or Alaskan Native,2021 **,Medina,0,0,465,0
Asian or Pacific Islander,2019,Medina,0,0,2688,0
Asian or Pacific Islander,2020 **,Medina,0,0,2780,0
Asian or Pacific Islander,2021 **,Medina,0,0,2780,0
Other,2019,Medina,0,0,0,0
Other,2020 **,Medina,0,0,0,0
Other,2021 **,Medina,0,0,0,0
Unknown,2019,Medina,0,0,0,0
Unknown,2020 **,Medina,0,0,0,0
Unknown,2021 **,Medina,0,0,0,0
White,2019,Meigs,7,31.3,22375,22.6
White,2020 **,Meigs,13,58.5,22222,41.9
White,2021 **,Meigs,11,49.5,22222,35.5
Black,2019,Meigs,0,0,351,0
Black,2020 **,Meigs,0,0,304,0
Black,2021 **,Meigs,0,0,304,0
American Indian or Alaskan Native,2019,Meigs,0,0,82,0
American Indian or Alaskan Native,2020 **,Meigs,0,0,81,0
American Indian or Alaskan Native,2021 **,Meigs,0,0,81,0
Asian or Pacific Islander,2019,Meigs,0,0,60,0
Asian or Pacific Islander,2020 **,Meigs,0,0,71,0
Asian or Pacific Islander,2021 **,Meigs,0,0,71,0
Other,2019,Meigs,0,0,0,0
Other,2020 **,Meigs,0,0,0,0
Other,2021 **,Meigs,0,0,0,0
Unknown,2019,Meigs,0,0,0,0
Unknown,2020 **,Meigs,0,0,0,0
Unknown,2021 **,Meigs,0,0,0,0
White,2019,Mercer,2,5,40025,40
White,2020 **,Mercer,2,5,40045,40
White,2021 **,Mercer,1,2.5,40045,20
Black,2019,Mercer,0,0,410,0
Black,2020 **,Mercer,0,0,402,0
Black,2021 **,Mercer,0,0,402,0
American Indian or Alaskan Native,2019,Mercer,0,0,164,0
American Indian or Alaskan Native,2020 **,Mercer,0,0,160,0
American Indian or Alaskan Native,2021 **,Mercer,0,0,160,0
Asian or Pacific Islander,2019,Mercer,0,0,656,0
Asian or Pacific Islander,2020 **,Mercer,0,0,667,0
Asian or Pacific Islander,2021 **,Mercer,0,0,667,0
Other,2019,Mercer,0,0,0,0
Other,2020 **,Mercer,0,0,0,0
Other,2021 **,Mercer,0,0,0,0
Unknown,2019,Mercer,0,0,0,0
Unknown,2020 **,Mercer,0,0,0,0
Unknown,2021 **,Mercer,0,0,0,0
White,2019,Miami,19,18.8,101055,28.8
White,2020 **,Miami,26,25.7,101309,39.4
White,2021 **,Miami,17,16.8,101309,25.8
Black,2019,Miami,1,27.6,3627,1.5
Black,2020 **,Miami,1,26.4,3793,1.5
Black,2021 **,Miami,1,26.4,3793,1.5
American Indian or Alaskan Native,2019,Miami,0,0,281,0
American Indian or Alaskan Native,2020 **,Miami,1,343.6,291,1.5
American Indian or Alaskan Native,2021 **,Miami,0,0,291,0
Asian or Pacific Islander,2019,Miami,0,0,2032,0
Asian or Pacific Islander,2020 **,Miami,0,0,2123,0
Asian or Pacific Islander,2021 **,Miami,0,0,2123,0
Other,2019,Miami,0,0,0,0
Other,2020 **,Miami,0,0,0,0
Other,2021 **,Miami,0,0,0,0
Unknown,2019,Miami,0,0,0,0
Unknown,2020 **,Miami,0,0,0,0
Unknown,2021 **,Miami,0,0,0,0
White,2019,Monroe,0,0,13492,0
White,2020 **,Monroe,1,7.5,13371,100
White,2021 **,Monroe,0,0,13371,0
Black,2019,Monroe,0,0,151,0
Black,2020 **,Monroe,0,0,147,0
Black,2021 **,Monroe,0,0,147,0
American Indian or Alaskan Native,2019,Monroe,0,0,31,0
American Indian or Alaskan Native,2020 **,Monroe,0,0,31,0
American Indian or Alaskan Native,2021 **,Monroe,0,0,31,0
Asian or Pacific Islander,2019,Monroe,0,0,34,0
Asian or Pacific Islander,2020 **,Monroe,0,0,37,0
Asian or Pacific Islander,2021 **,Monroe,0,0,37,0
Other,2019,Monroe,0,0,0,0
Other,2020 **,Monroe,0,0,0,0
Other,2021 **,Monroe,0,0,0,0
Unknown,2019,Monroe,0,0,0,0
Unknown,2020 **,Monroe,0,0,0,0
Unknown,2021 **,Monroe,0,0,0,0
White,2019,Montgomery,157,39.8,394117,21.9
White,2020 **,Montgomery,181,46.1,392622,25.3
White,2021 **,Montgomery,179,45.6,392622,25
Black,2019,Montgomery,53,43.6,121636,7.4
Black,2020 **,Montgomery,75,61.3,122322,10.5
Black,2021 **,Montgomery,62,50.7,122322,8.7
American Indian or Alaskan Native,2019,Montgomery,0,0,2117,0
American Indian or Alaskan Native,2020 **,Montgomery,1,46.3,2160,0.1
American Indian or Alaskan Native,2021 **,Montgomery,1,46.3,2160,0.1
Asian or Pacific Islander,2019,Montgomery,0,0,14269,0
Asian or Pacific Islander,2020 **,Montgomery,1,6.9,14506,0.1
Asian or Pacific Islander,2021 **,Montgomery,0,0,14506,0
Other,2019,Montgomery,0,0,0,0
Other,2020 **,Montgomery,0,0,0,0
Other,2021 **,Montgomery,0,0,0,0
Unknown,2019,Montgomery,1,0,0,0.1
Unknown,2020 **,Montgomery,3,0,0,0.4
Unknown,2021 **,Montgomery,2,0,0,0.3
White,2019,Morgan,1,7.3,13665,25
White,2020 **,Morgan,2,14.8,13481,50
White,2021 **,Morgan,1,7.4,13481,25
Black,2019,Morgan,0,0,692,0
Black,2020 **,Morgan,0,0,678,0
Black,2021 **,Morgan,0,0,678,0
American Indian or Alaskan Native,2019,Morgan,0,0,101,0
American Indian or Alaskan Native,2020 **,Morgan,0,0,98,0
American Indian or Alaskan Native,2021 **,Morgan,0,0,98,0
Asian or Pacific Islander,2019,Morgan,0,0,47,0
Asian or Pacific Islander,2020 **,Morgan,0,0,48,0
Asian or Pacific Islander,2021 **,Morgan,0,0,48,0
Other,2019,Morgan,0,0,0,0
Other,2020 **,Morgan,0,0,0,0
Other,2021 **,Morgan,0,0,0,0
Unknown,2019,Morgan,0,0,0,0
Unknown,2020 **,Morgan,0,0,0,0
Unknown,2021 **,Morgan,0,0,0,0
White,2019,Morrow,10,28.9,34619,33.3
White,2020 **,Morrow,10,28.9,34662,33.3
White,2021 **,Morrow,10,28.9,34662,33.3
Black,2019,Morrow,0,0,440,0
Black,2020 **,Morrow,0,0,445,0
Black,2021 **,Morrow,0,0,445,0
American Indian or Alaskan Native,2019,Morrow,0,0,115,0
American Indian or Alaskan Native,2020 **,Morrow,0,0,110,0
American Indian or Alaskan Native,2021 **,Morrow,0,0,110,0
Asian or Pacific Islander,2019,Morrow,0,0,168,0
Asian or Pacific Islander,2020 **,Morrow,0,0,194,0
Asian or Pacific Islander,2021 **,Morrow,0,0,194,0
Other,2019,Morrow,0,0,0,0
Other,2020 **,Morrow,0,0,0,0
Other,2021 **,Morrow,0,0,0,0
Unknown,2019,Morrow,0,0,0,0
Unknown,2020 **,Morrow,0,0,0,0
Unknown,2021 **,Morrow,0,0,0,0
White,2019,Muskingum,13,16.2,80429,21.3
White,2020 **,Muskingum,21,26.2,80303,34.4
White,2021 **,Muskingum,24,29.9,80303,39.3
Black,2019,Muskingum,1,21.6,4620,1.6
Black,2020 **,Muskingum,1,21.3,4692,1.6
Black,2021 **,Muskingum,1,21.3,4692,1.6
American Indian or Alaskan Native,2019,Muskingum,0,0,431,0
American Indian or Alaskan Native,2020 **,Muskingum,0,0,424,0
American Indian or Alaskan Native,2021 **,Muskingum,0,0,424,0
Asian or Pacific Islander,2019,Muskingum,0,0,562,0
Asian or Pacific Islander,2020 **,Muskingum,0,0,601,0
Asian or Pacific Islander,2021 **,Muskingum,0,0,601,0
Other,2019,Muskingum,0,0,0,0
Other,2020 **,Muskingum,0,0,0,0
Other,2021 **,Muskingum,0,0,0,0
Unknown,2019,Muskingum,0,0,0,0
Unknown,2020 **,Muskingum,0,0,0,0
Unknown,2021 **,Muskingum,0,0,0,0
White,2019,Noble,0,0,13898,0
White,2020 **,Noble,1,7.2,13805,25
White,2021 **,Noble,3,21.7,13805,75
Black,2019,Noble,0,0,450,0
Black,2020 **,Noble,0,0,449,0
Black,2021 **,Noble,0,0,449,0
American Indian or Alaskan Native,2019,Noble,0,0,59,0
American Indian or Alaskan Native,2020 **,Noble,0,0,62,0
American Indian or Alaskan Native,2021 **,Noble,0,0,62,0
Asian or Pacific Islander,2019,Noble,0,0,44,0
Asian or Pacific Islander,2020 **,Noble,0,0,48,0
Asian or Pacific Islander,2021 **,Noble,0,0,48,0
Other,2019,Noble,0,0,0,0
Other,2020 **,Noble,0,0,0,0
Other,2021 **,Noble,0,0,0,0
Unknown,2019,Noble,0,0,0,0
Unknown,2020 **,Noble,0,0,0,0
Unknown,2021 **,Noble,0,0,0,0
White,2019,NonOH,0,0,0,0
White,2020 **,NonOH,0,0,0,0
White,2021 **,NonOH,0,0,0,0
Black,2019,NonOH,0,0,0,0
Black,2020 **,NonOH,0,0,0,0
Black,2021 **,NonOH,0,0,0,0
American Indian or Alaskan Native,2019,NonOH,0,0,0,0
American Indian or Alaskan Native,2020 **,NonOH,0,0,0,0
American Indian or Alaskan Native,2021 **,NonOH,0,0,0,0
Asian or Pacific Islander,2019,NonOH,0,0,0,0
Asian or Pacific Islander,2020 **,NonOH,0,0,0,0
Asian or Pacific Islander,2021 **,NonOH,0,0,0,0
Other,2019,NonOH,0,0,0,0
Other,2020 **,NonOH,0,0,0,0
Other,2021 **,NonOH,0,0,0,0
Unknown,2019,NonOH,0,0,0,0
Unknown,2020 **,NonOH,0,0,0,0
Unknown,2021 **,NonOH,0,0,0,0
White,2019,Ottawa,4,10.1,39569,17.4
White,2020 **,Ottawa,9,22.9,39257,39.1
White,2021 **,Ottawa,7,17.8,39257,30.4
Black,2019,Ottawa,1,150.4,665,4.3
Black,2020 **,Ottawa,0,0,680,0
Black,2021 **,Ottawa,1,147.1,680,4.3
American Indian or Alaskan Native,2019,Ottawa,0,0,112,0
American Indian or Alaskan Native,2020 **,Ottawa,0,0,130,0
American Indian or Alaskan Native,2021 **,Ottawa,0,0,130,0
Asian or Pacific Islander,2019,Ottawa,0,0,186,0
Asian or Pacific Islander,2020 **,Ottawa,0,0,186,0
Asian or Pacific Islander,2021 **,Ottawa,1,537.6,186,4.3
Other,2019,Ottawa,0,0,0,0
Other,2020 **,Ottawa,0,0,0,0
Other,2021 **,Ottawa,0,0,0,0
Unknown,2019,Ottawa,0,0,0,0
Unknown,2020 **,Ottawa,0,0,0,0
Unknown,2021 **,Ottawa,0,0,0,0
White,2019,Paulding,1,5.5,18146,25
White,2020 **,Paulding,1,5.5,18108,25
White,2021 **,Paulding,1,5.5,18108,25
Black,2019,Paulding,0,0,333,0
Black,2020 **,Paulding,0,0,348,0
Black,2021 **,Paulding,0,0,348,0
American Indian or Alaskan Native,2019,Paulding,0,0,111,0
American Indian or Alaskan Native,2020 **,Paulding,0,0,108,0
American Indian or Alaskan Native,2021 **,Paulding,0,0,108,0
Asian or Pacific Islander,2019,Paulding,0,0,82,0
Asian or Pacific Islander,2020 **,Paulding,0,0,84,0
Asian or Pacific Islander,2021 **,Paulding,0,0,84,0
Other,2019,Paulding,0,0,0,0
Other,2020 **,Paulding,0,0,0,0
Other,2021 **,Paulding,0,0,0,0
Unknown,2019,Paulding,0,0,0,0
Unknown,2020 **,Paulding,0,0,0,0
Unknown,2021 **,Paulding,1,0,0,25
White,2019,Perry,7,19.7,35511,19.4
White,2020 **,Perry,10,28.1,35586,27.8
White,2021 **,Perry,18,50.6,35586,50
Black,2019,Perry,0,0,321,0
Black,2020 **,Perry,0,0,334,0
Black,2021 **,Perry,0,0,334,0
American Indian or Alaskan Native,2019,Perry,0,0,167,0
American Indian or Alaskan Native,2020 **,Perry,0,0,157,0
American Indian or Alaskan Native,2021 **,Perry,1,636.9,157,2.8
Asian or Pacific Islander,2019,Perry,0,0,128,0
Asian or Pacific Islander,2020 **,Perry,0,0,138,0
Asian or Pacific Islander,2021 **,Perry,0,0,138,0
Other,2019,Perry,0,0,0,0
Other,2020 **,Perry,0,0,0,0
Other,2021 **,Perry,0,0,0,0
Unknown,2019,Perry,0,0,0,0
Unknown,2020 **,Perry,0,0,0,0
Unknown,2021 **,Perry,0,0,0,0
White,2019,Pickaway,14,25.3,55312,23
White,2020 **,Pickaway,26,46.8,55508,42.6
White,2021 **,Pickaway,19,34.2,55508,31.1
Black,2019,Pickaway,0,0,2595,0
Black,2020 **,Pickaway,1,39.9,2504,1.6
Black,2021 **,Pickaway,1,39.9,2504,1.6
American Indian or Alaskan Native,2019,Pickaway,0,0,203,0
American Indian or Alaskan Native,2020 **,Pickaway,0,0,205,0
American Indian or Alaskan Native,2021 **,Pickaway,0,0,205,0
Asian or Pacific Islander,2019,Pickaway,0,0,411,0
Asian or Pacific Islander,2020 **,Pickaway,0,0,441,0
Asian or Pacific Islander,2021 **,Pickaway,0,0,441,0
Other,2019,Pickaway,0,0,0,0
Other,2020 **,Pickaway,0,0,0,0
Other,2021 **,Pickaway,0,0,0,0
Unknown,2019,Pickaway,0,0,0,0
Unknown,2020 **,Pickaway,0,0,0,0
Unknown,2021 **,Pickaway,0,0,0,0
White,2019,Pike,9,33.4,26937,32.1
White,2020 **,Pike,10,37.3,26816,35.7
White,2021 **,Pike,8,29.8,26816,28.6
Black,2019,Pike,1,198.8,503,3.6
Black,2020 **,Pike,0,0,533,0
Black,2021 **,Pike,0,0,533,0
American Indian or Alaskan Native,2019,Pike,0,0,239,0
American Indian or Alaskan Native,2020 **,Pike,0,0,241,0
American Indian or Alaskan Native,2021 **,Pike,0,0,241,0
Asian or Pacific Islander,2019,Pike,0,0,105,0
Asian or Pacific Islander,2020 **,Pike,0,0,105,0
Asian or Pacific Islander,2021 **,Pike,0,0,105,0
Other,2019,Pike,0,0,0,0
Other,2020 **,Pike,0,0,0,0
Other,2021 **,Pike,0,0,0,0
Unknown,2019,Pike,0,0,0,0
Unknown,2020 **,Pike,0,0,0,0
Unknown,2021 **,Pike,0,0,0,0
White,2019,Portage,25,16.8,149241,28.1
White,2020 **,Portage,24,16.1,149060,27
White,2021 **,Portage,33,22.1,149060,37.1
Black,2019,Portage,0,0,9001,0
Black,2020 **,Portage,1,10.8,9270,1.1
Black,2021 **,Portage,6,64.7,9270,6.7
American Indian or Alaskan Native,2019,Portage,0,0,431,0
American Indian or Alaskan Native,2020 **,Portage,0,0,411,0
American Indian or Alaskan Native,2021 **,Portage,0,0,411,0
Asian or Pacific Islander,2019,Portage,0,0,3753,0
Asian or Pacific Islander,2020 **,Portage,0,0,3842,0
Asian or Pacific Islander,2021 **,Portage,0,0,3842,0
Other,2019,Portage,0,0,0,0
Other,2020 **,Portage,0,0,0,0
Other,2021 **,Portage,0,0,0,0
Unknown,2019,Portage,0,0,0,0
Unknown,2020 **,Portage,0,0,0,0
Unknown,2021 **,Portage,0,0,0,0
White,2019,Preble,9,22.6,39907,27.3
White,2020 **,Preble,12,30.1,39850,36.4
White,2021 **,Preble,11,27.6,39850,33.3
Black,2019,Preble,1,201.2,497,3
Black,2020 **,Preble,0,0,519,0
Black,2021 **,Preble,0,0,519,0
American Indian or Alaskan Native,2019,Preble,0,0,162,0
American Indian or Alaskan Native,2020 **,Preble,0,0,167,0
American Indian or Alaskan Native,2021 **,Preble,0,0,167,0
Asian or Pacific Islander,2019,Preble,0,0,282,0
Asian or Pacific Islander,2020 **,Preble,0,0,300,0
Asian or Pacific Islander,2021 **,Preble,0,0,300,0
Other,2019,Preble,0,0,0,0
Other,2020 **,Preble,0,0,0,0
Other,2021 **,Preble,0,0,0,0
Unknown,2019,Preble,0,0,0,0
Unknown,2020 **,Preble,0,0,0,0
Unknown,2021 **,Preble,0,0,0,0
White,2019,Putnam,1,3,33290,25
White,2020 **,Putnam,2,6,33100,50
White,2021 **,Putnam,1,3,33100,25
Black,2019,Putnam,0,0,307,0
Black,2020 **,Putnam,0,0,307,0
Black,2021 **,Putnam,0,0,307,0
American Indian or Alaskan Native,2019,Putnam,0,0,126,0
American Indian or Alaskan Native,2020 **,Putnam,0,0,123,0
American Indian or Alaskan Native,2021 **,Putnam,0,0,123,0
Asian or Pacific Islander,2019,Putnam,0,0,120,0
Asian or Pacific Islander,2020 **,Putnam,0,0,124,0
Asian or Pacific Islander,2021 **,Putnam,0,0,124,0
Other,2019,Putnam,0,0,0,0
Other,2020 **,Putnam,0,0,0,0
Other,2021 **,Putnam,0,0,0,0
Unknown,2019,Putnam,0,0,0,0
Unknown,2020 **,Putnam,0,0,0,0
Unknown,2021 **,Putnam,0,0,0,0
White,2019,Richland,39,36.5,106862,23.1
White,2020 **,Richland,49,46,106525,29
White,2021 **,Richland,60,56.3,106525,35.5
Black,2019,Richland,5,38.6,12960,3
Black,2020 **,Richland,5,39.2,12749,3
Black,2021 **,Richland,10,78.4,12749,5.9
American Indian or Alaskan Native,2019,Richland,0,0,361,0
American Indian or Alaskan Native,2020 **,Richland,0,0,360,0
American Indian or Alaskan Native,2021 **,Richland,0,0,360,0
Asian or Pacific Islander,2019,Richland,0,0,1201,0
Asian or Pacific Islander,2020 **,Richland,0,0,1257,0
Asian or Pacific Islander,2021 **,Richland,0,0,1257,0
Other,2019,Richland,0,0,0,0
Other,2020 **,Richland,0,0,0,0
Other,2021 **,Richland,0,0,0,0
Unknown,2019,Richland,1,0,0,0.6
Unknown,2020 **,Richland,0,0,0,0
Unknown,2021 **,Richland,0,0,0,0
White,2019,Ross,24,34.1,70452,19.7
White,2020 **,Ross,44,62.6,70281,36.1
White,2021 **,Ross,44,62.6,70281,36.1
Black,2019,Ross,1,19.1,5236,0.8
Black,2020 **,Ross,4,76.5,5226,3.3
Black,2021 **,Ross,5,95.7,5226,4.1
American Indian or Alaskan Native,2019,Ross,0,0,414,0
American Indian or Alaskan Native,2020 **,Ross,0,0,413,0
American Indian or Alaskan Native,2021 **,Ross,0,0,413,0
Asian or Pacific Islander,2019,Ross,0,0,511,0
Asian or Pacific Islander,2020 **,Ross,0,0,500,0
Asian or Pacific Islander,2021 **,Ross,0,0,500,0
Other,2019,Ross,0,0,0,0
Other,2020 **,Ross,0,0,0,0
Other,2021 **,Ross,0,0,0,0
Unknown,2019,Ross,0,0,0,0
Unknown,2020 **,Ross,0,0,0,0
Unknown,2021 **,Ross,0,0,0,0
White,2019,Sandusky,11,19.9,55154,30.6
White,2020 **,Sandusky,5,9.1,54933,13.9
White,2021 **,Sandusky,18,32.8,54933,50
Black,2019,Sandusky,0,0,2769,0
Black,2020 **,Sandusky,0,0,2815,0
Black,2021 **,Sandusky,2,71,2815,5.6
American Indian or Alaskan Native,2019,Sandusky,0,0,273,0
American Indian or Alaskan Native,2020 **,Sandusky,0,0,276,0
American Indian or Alaskan Native,2021 **,Sandusky,0,0,276,0
Asian or Pacific Islander,2019,Sandusky,0,0,324,0
Asian or Pacific Islander,2020 **,Sandusky,0,0,327,0
Asian or Pacific Islander,2021 **,Sandusky,0,0,327,0
Other,2019,Sandusky,0,0,0,0
Other,2020 **,Sandusky,0,0,0,0
Other,2021 **,Sandusky,0,0,0,0
Unknown,2019,Sandusky,0,0,0,0
Unknown,2020 **,Sandusky,0,0,0,0
Unknown,2021 **,Sandusky,0,0,0,0
White,2019,Scioto,71,99.2,71584,30.6
White,2020 **,Scioto,89,125.5,70893,38.4
White,2021 **,Scioto,63,88.9,70893,27.2
Black,2019,Scioto,0,0,2550,0
Black,2020 **,Scioto,5,196.4,2546,2.2
Black,2021 **,Scioto,1,39.3,2546,0.4
American Indian or Alaskan Native,2019,Scioto,0,0,569,0
American Indian or Alaskan Native,2020 **,Scioto,0,0,562,0
American Indian or Alaskan Native,2021 **,Scioto,0,0,562,0
Asian or Pacific Islander,2019,Scioto,0,0,348,0
Asian or Pacific Islander,2020 **,Scioto,0,0,346,0
Asian or Pacific Islander,2021 **,Scioto,0,0,346,0
Other,2019,Scioto,0,0,0,0
Other,2020 **,Scioto,0,0,0,0
Other,2021 **,Scioto,0,0,0,0
Unknown,2019,Scioto,1,0,0,0.4
Unknown,2020 **,Scioto,1,0,0,0.4
Unknown,2021 **,Scioto,1,0,0,0.4
White,2019,Seneca,6,11.5,52365,26.1
White,2020 **,Seneca,7,13.4,52060,30.4
White,2021 **,Seneca,8,15.4,52060,34.8
Black,2019,Seneca,0,0,2153,0
Black,2020 **,Seneca,1,46.4,2155,4.3
Black,2021 **,Seneca,1,46.4,2155,4.3
American Indian or Alaskan Native,2019,Seneca,0,0,211,0
American Indian or Alaskan Native,2020 **,Seneca,0,0,210,0
American Indian or Alaskan Native,2021 **,Seneca,0,0,210,0
Asian or Pacific Islander,2019,Seneca,0,0,491,0
Asian or Pacific Islander,2020 **,Seneca,0,0,513,0
Asian or Pacific Islander,2021 **,Seneca,0,0,513,0
Other,2019,Seneca,0,0,0,0
Other,2020 **,Seneca,0,0,0,0
Other,2021 **,Seneca,0,0,0,0
Unknown,2019,Seneca,0,0,0,0
Unknown,2020 **,Seneca,0,0,0,0
Unknown,2021 **,Seneca,0,0,0,0
White,2019,Shelby,14,30.4,46077,35
White,2020 **,Shelby,16,34.9,45800,40
White,2021 **,Shelby,9,19.7,45800,22.5
Black,2019,Shelby,0,0,1717,0
Black,2020 **,Shelby,0,0,1728,0
Black,2021 **,Shelby,1,57.9,1728,2.5
American Indian or Alaskan Native,2019,Shelby,0,0,128,0
American Indian or Alaskan Native,2020 **,Shelby,0,0,133,0
American Indian or Alaskan Native,2021 **,Shelby,0,0,133,0
Asian or Pacific Islander,2019,Shelby,0,0,670,0
Asian or Pacific Islander,2020 **,Shelby,0,0,676,0
Asian or Pacific Islander,2021 **,Shelby,0,0,676,0
Other,2019,Shelby,0,0,0,0
Other,2020 **,Shelby,0,0,0,0
Other,2021 **,Shelby,0,0,0,0
Unknown,2019,Shelby,0,0,0,0
Unknown,2020 **,Shelby,0,0,0,0
Unknown,2021 **,Shelby,0,0,0,0
White,2019,Stark,60,18.2,330351,23.3
White,2020 **,Stark,81,24.6,329147,31.5
White,2021 **,Stark,83,25.2,329147,32.3
Black,2019,Stark,8,23.1,34696,3.1
Black,2020 **,Stark,8,22.9,34917,3.1
Black,2021 **,Stark,15,43,34917,5.8
American Indian or Alaskan Native,2019,Stark,0,0,1403,0
American Indian or Alaskan Native,2020 **,Stark,0,0,1411,0
American Indian or Alaskan Native,2021 **,Stark,0,0,1411,0
Asian or Pacific Islander,2019,Stark,1,23.4,4273,0.4
Asian or Pacific Islander,2020 **,Stark,0,0,4297,0
Asian or Pacific Islander,2021 **,Stark,0,0,4297,0
Other,2019,Stark,0,0,0,0
Other,2020 **,Stark,0,0,0,0
Other,2021 **,Stark,0,0,0,0
Unknown,2019,Stark,0,0,0,0
Unknown,2020 **,Stark,1,0,0,0.4
Unknown,2021 **,Stark,0,0,0,0
White,2019,Summit,136,31.8,428045,26
White,2020 **,Summit,148,34.8,425025,28.3
White,2021 **,Summit,146,34.4,425025,27.9
Black,2019,Summit,14,15.9,87946,2.7
Black,2020 **,Summit,38,43,88400,7.3
Black,2021 **,Summit,36,40.7,88400,6.9
American Indian or Alaskan Native,2019,Summit,1,61.8,1618,0.2
American Indian or Alaskan Native,2020 **,Summit,0,0,1638,0
American Indian or Alaskan Native,2021 **,Summit,0,0,1638,0
Asian or Pacific Islander,2019,Summit,0,0,23205,0
Asian or Pacific Islander,2020 **,Summit,1,4.2,23803,0.2
Asian or Pacific Islander,2021 **,Summit,1,4.2,23803,0.2
Other,2019,Summit,0,0,0,0
Other,2020 **,Summit,0,0,0,0
Other,2021 **,Summit,0,0,0,0
Unknown,2019,Summit,1,0,0,0.2
Unknown,2020 **,Summit,1,0,0,0.2
Unknown,2021 **,Summit,0,0,0,0
White,2019,Trumbull,73,41.2,177154,23.7
White,2020 **,Trumbull,106,60.3,175856,34.4
White,2021 **,Trumbull,92,52.3,175856,29.9
Black,2019,Trumbull,8,42.3,18916,2.6
Black,2020 **,Trumbull,11,58.1,18939,3.6
Black,2021 **,Trumbull,18,95,18939,5.8
American Indian or Alaskan Native,2019,Trumbull,0,0,582,0
American Indian or Alaskan Native,2020 **,Trumbull,0,0,591,0
American Indian or Alaskan Native,2021 **,Trumbull,0,0,591,0
Asian or Pacific Islander,2019,Trumbull,0,0,1417,0
Asian or Pacific Islander,2020 **,Trumbull,0,0,1414,0
Asian or Pacific Islander,2021 **,Trumbull,0,0,1414,0
Other,2019,Trumbull,0,0,0,0
Other,2020 **,Trumbull,0,0,0,0
Other,2021 **,Trumbull,0,0,0,0
Unknown,2019,Trumbull,0,0,0,0
Unknown,2020 **,Trumbull,0,0,0,0
Unknown,2021 **,Trumbull,0,0,0,0
White,2019,Tuscarawas,9,10.1,89315,15.3
White,2020 **,Tuscarawas,25,28.1,89025,42.4
White,2021 **,Tuscarawas,22,24.7,89025,37.3
Black,2019,Tuscarawas,1,68.5,1460,1.7
Black,2020 **,Tuscarawas,1,66.3,1509,1.7
Black,2021 **,Tuscarawas,1,66.3,1509,1.7
American Indian or Alaskan Native,2019,Tuscarawas,0,0,570,0
American Indian or Alaskan Native,2020 **,Tuscarawas,0,0,563,0
American Indian or Alaskan Native,2021 **,Tuscarawas,0,0,563,0
Asian or Pacific Islander,2019,Tuscarawas,0,0,648,0
Asian or Pacific Islander,2020 **,Tuscarawas,0,0,679,0
Asian or Pacific Islander,2021 **,Tuscarawas,0,0,679,0
Other,2019,Tuscarawas,0,0,0,0
Other,2020 **,Tuscarawas,0,0,0,0
Other,2021 **,Tuscarawas,0,0,0,0
Unknown,2019,Tuscarawas,0,0,0,0
Unknown,2020 **,Tuscarawas,0,0,0,0
Unknown,2021 **,Tuscarawas,0,0,0,0
White,2019,Union,11,20.4,53946,40.7
White,2020 **,Union,10,18.3,54559,37
White,2021 **,Union,3,5.5,54559,11.1
Black,2019,Union,0,0,1848,0
Black,2020 **,Union,1,51.2,1953,3.7
Black,2021 **,Union,0,0,1953,0
American Indian or Alaskan Native,2019,Union,0,0,187,0
American Indian or Alaskan Native,2020 **,Union,0,0,179,0
American Indian or Alaskan Native,2021 **,Union,0,0,179,0
Asian or Pacific Islander,2019,Union,0,0,3073,0
Asian or Pacific Islander,2020 **,Union,0,0,3330,0
Asian or Pacific Islander,2021 **,Union,0,0,3330,0
Other,2019,Union,0,0,0,0
Other,2020 **,Union,0,0,0,0
Other,2021 **,Union,0,0,0,0
Unknown,2019,Union,0,0,0,0
Unknown,2020 **,Union,0,0,0,0
Unknown,2021 **,Union,2,0,0,7.4
White,2019,Van Wert,5,18.2,27497,35.7
White,2020 **,Van Wert,6,21.9,27379,42.9
White,2021 **,Van Wert,3,11,27379,21.4
Black,2019,Van Wert,0,0,503,0
Black,2020 **,Van Wert,0,0,543,0
Black,2021 **,Van Wert,0,0,543,0
American Indian or Alaskan Native,2019,Van Wert,0,0,132,0
American Indian or Alaskan Native,2020 **,Van Wert,0,0,136,0
American Indian or Alaskan Native,2021 **,Van Wert,0,0,136,0
Asian or Pacific Islander,2019,Van Wert,0,0,99,0
Asian or Pacific Islander,2020 **,Van Wert,0,0,101,0
Asian or Pacific Islander,2021 **,Van Wert,0,0,101,0
Other,2019,Van Wert,0,0,0,0
Other,2020 **,Van Wert,0,0,0,0
Other,2021 **,Van Wert,0,0,0,0
Unknown,2019,Van Wert,0,0,0,0
Unknown,2020 **,Van Wert,0,0,0,0
Unknown,2021 **,Van Wert,0,0,0,0
White,2019,Vinton,1,7.8,12770,5.6
White,2020 **,Vinton,7,55.1,12698,38.9
White,2021 **,Vinton,10,78.8,12698,55.6
Black,2019,Vinton,0,0,149,0
Black,2020 **,Vinton,0,0,161,0
Black,2021 **,Vinton,0,0,161,0
American Indian or Alaskan Native,2019,Vinton,0,0,71,0
American Indian or Alaskan Native,2020 **,Vinton,0,0,70,0
American Indian or Alaskan Native,2021 **,Vinton,0,0,70,0
Asian or Pacific Islander,2019,Vinton,0,0,38,0
Asian or Pacific Islander,2020 **,Vinton,0,0,43,0
Asian or Pacific Islander,2021 **,Vinton,0,0,43,0
Other,2019,Vinton,0,0,0,0
Other,2020 **,Vinton,0,0,0,0
Other,2021 **,Vinton,0,0,0,0
Unknown,2019,Vinton,0,0,0,0
Unknown,2020 **,Vinton,0,0,0,0
Unknown,2021 **,Vinton,0,0,0,0
White,2019,Warren,37,17.7,209148,27.6
White,2020 **,Warren,43,20.4,210949,32.1
White,2021 **,Warren,45,21.3,210949,33.6
Black,2019,Warren,0,0,9712,0
Black,2020 **,Warren,3,30.4,9856,2.2
Black,2021 **,Warren,4,40.6,9856,3
American Indian or Alaskan Native,2019,Warren,0,0,625,0
American Indian or Alaskan Native,2020 **,Warren,0,0,635,0
American Indian or Alaskan Native,2021 **,Warren,0,0,635,0
Asian or Pacific Islander,2019,Warren,0,0,16116,0
Asian or Pacific Islander,2020 **,Warren,1,5.9,16972,0.7
Asian or Pacific Islander,2021 **,Warren,1,5.9,16972,0.7
Other,2019,Warren,0,0,0,0
Other,2020 **,Warren,0,0,0,0
Other,2021 **,Warren,0,0,0,0
Unknown,2019,Warren,0,0,0,0
Unknown,2020 **,Warren,0,0,0,0
Unknown,2021 **,Warren,0,0,0,0
White,2019,Washington,6,10.3,58213,15.8
White,2020 **,Washington,15,25.9,57806,39.5
White,2021 **,Washington,17,29.4,57806,44.7
Black,2019,Washington,0,0,1095,0
Black,2020 **,Washington,0,0,1120,0
Black,2021 **,Washington,0,0,1120,0
American Indian or Alaskan Native,2019,Washington,0,0,192,0
American Indian or Alaskan Native,2020 **,Washington,0,0,215,0
American Indian or Alaskan Native,2021 **,Washington,0,0,215,0
Asian or Pacific Islander,2019,Washington,0,0,518,0
Asian or Pacific Islander,2020 **,Washington,0,0,511,0
Asian or Pacific Islander,2021 **,Washington,0,0,511,0
Other,2019,Washington,0,0,0,0
Other,2020 **,Washington,0,0,0,0
Other,2021 **,Washington,0,0,0,0
Unknown,2019,Washington,0,0,0,0
Unknown,2020 **,Washington,0,0,0,0
Unknown,2021 **,Washington,0,0,0,0
White,2019,Wayne,15,13.5,111417,20
White,2020 **,Wayne,24,21.6,111320,32
White,2021 **,Wayne,34,30.5,111320,45.3
Black,2019,Wayne,0,0,2631,0
Black,2020 **,Wayne,1,38,2630,1.3
Black,2021 **,Wayne,1,38,2630,1.3
American Indian or Alaskan Native,2019,Wayne,0,0,335,0
American Indian or Alaskan Native,2020 **,Wayne,0,0,349,0
American Indian or Alaskan Native,2021 **,Wayne,0,0,349,0
Asian or Pacific Islander,2019,Wayne,0,0,1441,0
Asian or Pacific Islander,2020 **,Wayne,0,0,1395,0
Asian or Pacific Islander,2021 **,Wayne,0,0,1395,0
Other,2019,Wayne,0,0,0,0
Other,2020 **,Wayne,0,0,0,0
Other,2021 **,Wayne,0,0,0,0
Unknown,2019,Wayne,0,0,0,0
Unknown,2020 **,Wayne,0,0,0,0
Unknown,2021 **,Wayne,0,0,0,0
White,2019,Williams,5,14,35777,31.3
White,2020 **,Williams,5,14.1,35508,31.3
White,2021 **,Williams,6,16.9,35508,37.5
Black,2019,Williams,0,0,604,0
Black,2020 **,Williams,0,0,657,0
Black,2021 **,Williams,0,0,657,0
American Indian or Alaskan Native,2019,Williams,0,0,149,0
American Indian or Alaskan Native,2020 **,Williams,0,0,159,0
American Indian or Alaskan Native,2021 **,Williams,0,0,159,0
Asian or Pacific Islander,2019,Williams,0,0,235,0
Asian or Pacific Islander,2020 **,Williams,0,0,241,0
Asian or Pacific Islander,2021 **,Williams,0,0,241,0
Other,2019,Williams,0,0,0,0
Other,2020 **,Williams,0,0,0,0
Other,2021 **,Williams,0,0,0,0
Unknown,2019,Williams,0,0,0,0
Unknown,2020 **,Williams,0,0,0,0
Unknown,2021 **,Williams,0,0,0,0
White,2019,Wood,18,14.6,123301,27.7
White,2020 **,Wood,18,14.6,123166,27.7
White,2021 **,Wood,27,21.9,123166,41.5
Black,2019,Wood,0,0,4489,0
Black,2020 **,Wood,1,21.8,4584,1.5
Black,2021 **,Wood,0,0,4584,0
American Indian or Alaskan Native,2019,Wood,0,0,515,0
American Indian or Alaskan Native,2020 **,Wood,0,0,521,0
American Indian or Alaskan Native,2021 **,Wood,0,0,521,0
Asian or Pacific Islander,2019,Wood,0,0,2784,0
Asian or Pacific Islander,2020 **,Wood,0,0,2842,0
Asian or Pacific Islander,2021 **,Wood,0,0,2842,0
Other,2019,Wood,0,0,0,0
Other,2020 **,Wood,0,0,0,0
Other,2021 **,Wood,0,0,0,0
Unknown,2019,Wood,0,0,0,0
Unknown,2020 **,Wood,1,0,0,1.5
Unknown,2021 **,Wood,0,0,0,0
White,2019,Wyandot,1,4.7,21385,20
White,2020 **,Wyandot,3,14.1,21259,60
White,2021 **,Wyandot,1,4.7,21259,20
Black,2019,Wyandot,0,0,175,0
Black,2020 **,Wyandot,0,0,199,0
Black,2021 **,Wyandot,0,0,199,0
American Indian or Alaskan Native,2019,Wyandot,0,0,71,0
American Indian or Alaskan Native,2020 **,Wyandot,0,0,74,0
American Indian or Alaskan Native,2021 **,Wyandot,0,0,74,0
Asian or Pacific Islander,2019,Wyandot,0,0,165,0
Asian or Pacific Islander,2020 **,Wyandot,0,0,179,0
Asian or Pacific Islander,2021 **,Wyandot,0,0,179,0
Other,2019,Wyandot,0,0,0,0
Other,2020 **,Wyandot,0,0,0,0
Other,2021 **,Wyandot,0,0,0,0
Unknown,2019,Wyandot,0,0,0,0
Unknown,2020 **,Wyandot,0,0,0,0
Unknown,2021 **,Wyandot,0,0,0,0
Total,Total,Adams,26,31.4,82702,100
Total,Total,Allen,51,16.6,306410,100
Total,Total,Ashland,32,20,160142,100
Total,Total,Ashtabula,91,31.4,290114,100
Total,Total,Athens,31,15.8,196544,100
Total,Total,Auglaize,14,10.2,136970,100
Total,Total,Belmont,36,18.1,198843,100
Total,Total,Brown,50,38.4,130301,100
Total,Total,Butler,478,41.4,1154899,100
Total,Total,Carroll,9,11.1,80778,100
Total,Total,Champaign,32,27.4,116850,100
Total,Total,Clark,168,41.8,401501,100
Total,Total,Clermont,186,29.9,621749,100
Total,Total,Clinton,47,37.3,125844,100
Total,Total,Columbiana,39,12.8,304030,100
Total,Total,Coshocton,24,21.9,109447,100
Total,Total,Crawford,29,23.4,124072,100
Total,Total,Cuyahoga,1266,34.3,3691340,100
Total,Total,Darke,39,25.4,153591,100
Total,Total,Defiance,20,17.6,113534,100
Total,Total,Delaware,78,12.2,636876,100
Total,Total,Erie,53,23.9,221617,100
Total,Total,Fairfield,116,24.3,477121,100
Total,Total,Fayette,32,37.4,85644,100
Total,Total,Franklin,1948,49.1,3968014,100
Total,Total,Fulton,21,16.7,125953,100
Total,Total,Gallia,59,66,89454,100
Total,Total,Geauga,39,13.9,280036,100
Total,Total,Greene,111,21.8,509598,100
Total,Total,Guernsey,22,18.9,116434,100
Total,Total,Hamilton,993,40.5,2454623,100
Total,Total,Hancock,44,19.4,226504,100
Total,Total,Hardin,27,28.6,94307,100
Total,Total,Harrison,2,4.4,45081,100
Total,Total,Henry,15,18.6,80750,100
Total,Total,Highland,41,31.6,129731,100
Total,Total,Hocking,21,24.9,84430,100
Total,Total,Holmes,4,3,132029,100
Total,Total,Huron,77,44.2,174227,100
Total,Total,Jackson,17,17.5,97358,100
Total,Total,Jefferson,23,11.8,195372,100
Total,Total,Knox,28,15,187085,100
Total,Total,Lake,198,28.7,688877,100
Total,Total,Lawrence,92,51.8,177738,100
Total,Total,Licking,115,21.6,533374,100
Total,Total,Logan,20,14.7,136246,100
Total,Total,Lorain,325,34.8,934444,100
Total,Total,Lucas,610,47.5,1285476,100
Total,Total,Madison,31,23.1,133930,100
Total,Total,Mahoning,322,47.4,679660,100
Total,Total,Marion,76,39,194697,100
Total,Total,Medina,85,15.7,541945,100
Total,Total,Meigs,31,45.4,68224,100
Total,Total,Mercer,5,4,123803,100
Total,Total,Miami,66,20.5,322027,100
Total,Total,Monroe,1,2.4,40880,100
Total,Total,Montgomery,716,44.9,1595359,100
Total,Total,Morgan,4,9.3,43115,100
Total,Total,Morrow,30,28.3,106164,100
Total,Total,Muskingum,61,23.6,258082,100
Total,Total,Noble,4,9.3,43179,100
Total,Total,NonOH,0,0,0,0
Total,Total,Ottawa,23,19,121038,100
Total,Total,Paulding,4,7.1,55968,100
Total,Total,Perry,36,33.2,108557,100
Total,Total,Pickaway,61,34.7,175837,100
Total,Total,Pike,28,33.7,83174,100
Total,Total,Portage,89,18.3,487592,100
Total,Total,Preble,33,26.9,122520,100
Total,Total,Putnam,4,4,101151,100
Total,Total,Richland,169,46.5,363166,100
Total,Total,Ross,122,53.2,229453,100
Total,Total,Sandusky,36,20.5,175222,100
Total,Total,Scioto,232,103.7,223745,100
Total,Total,Seneca,23,13.9,165096,100
Total,Total,Shelby,40,27.5,145266,100
Total,Total,Stark,257,23.1,1110267,100
Total,Total,Summit,523,32.3,1618546,100
Total,Total,Trumbull,308,52.1,591669,100
Total,Total,Tuscarawas,59,21.4,275545,100
Total,Total,Union,27,15.1,179096,100
Total,Total,Van Wert,14,16.6,84549,100
Total,Total,Vinton,18,46.2,38972,100
Total,Total,Warren,134,18.8,712425,100
Total,Total,Washington,38,21.2,179322,100
Total,Total,Wayne,75,21.6,347212,100
Total,Total,Williams,16,14.6,109895,100
Total,Total,Wood,65,16.5,393315,100
Total,Total,Wyandot,5,7.7,65218,100
White,2019,Total,2642,27.3,9675000,22.6
White,2020 **,Total,3410,35.3,9653181,29.2
White,2021 **,Total,3425,35.5,9653181,29.3
Black,2019,Total,524,31.8,1648429,4.5
Black,2020 **,Total,719,43.4,1658318,6.2
Black,2021 **,Total,796,48,1658318,6.8
American Indian or Alaskan Native,2019,Total,2,4.5,44751,0
American Indian or Alaskan Native,2020 **,Total,6,13.2,45427,0.1
American Indian or Alaskan Native,2021 **,Total,4,8.8,45427,0
Asian or Pacific Islander,2019,Total,7,2.1,328327,0.1
Asian or Pacific Islander,2020 **,Total,19,5.6,336291,0.2
Asian or Pacific Islander,2021 **,Total,18,5.4,336291,0.2
Other,2019,Total,0,0,0,0
Other,2020 **,Total,0,0,0,0
Other,2021 **,Total,0,0,0,0
Unknown,2019,Total,19,0,0,0.2
Unknown,2020 **,Total,38,0,0,0.3
Unknown,2021 **,Total,41,0,0,0.4
Total,Total,Total,11670,33.3,35082941,100
